{
	"class_name" : "PinholeCameraParameters",
	"extrinsic" : 
	[
		0.88306028563038552,
		0.44436901789277955,
		-0.15080022506411833,
		0.0,
		0.46747617869471519,
		-0.86103308361532094,
		0.20022000717430455,
		0.0,
		-0.040872414846311239,
		-0.24730184968353619,
		-0.96807605116939699,
		0.0,
		-4.8537847461064452,
		-1.1465049938523482,
		45.387686007798102,
		1.0
	],
	"intrinsic" : 
	{
		"height" : 1055,
		"intrinsic_matrix" : 
		[
			913.65680099258282,
			0.0,
			0.0,
			0.0,
			913.65680099258282,
			0.0,
			719.5,
			527.0,
			1.0
		],
		"width" : 1440
	},
	"version_major" : 1,
	"version_minor" : 0
}